{
  "frontend/src/main.tsx": 1776008025.3583314,
  "frontend/src/api/platform.ts": 1776008025.3573315,
  "frontend/src/api/auth.ts": 1776008025.3573315,
  "frontend/src/api/orchestrationGraphql.ts": 1776365132.7222168,
  "frontend/src/api/admin.ts": 1776008025.3573315,
  "frontend/src/api/client.ts": 1776008025.3573315,
  "frontend/src/api/notifications.ts": 1776008025.3573315,
  "frontend/src/api/projects.ts": 1776008025.3573315,
  "frontend/src/api/calendar.ts": 1776086150.5084116,
  "frontend/src/api/ai.ts": 1776008025.3573315,
  "frontend/src/api/users.ts": 1776008025.3573315,
  "frontend/src/api/settings.ts": 1776008025.3573315,
  "frontend/src/api/profile.ts": 1776008025.3573315,
  "frontend/src/api/orchestration.ts": 1776385043.8524342,
  "frontend/src/types/qrcode.d.ts": 1776008025.3593316,
  "frontend/src/app/providers.tsx": 1776008025.3573315,
  "frontend/src/app/SnackbarProvider.tsx": 1776008025.3573315,
  "frontend/src/app/colorModeContext.ts": 1776008025.3573315,
  "frontend/src/app/router.tsx": 1776413455.4460423,
  "frontend/src/app/theme.ts": 1776008025.3573315,
  "frontend/src/app/snackbarContext.ts": 1776008025.3573315,
  "frontend/src/components/guards/ProtectedRoute.tsx": 1776008025.3583314,
  "frontend/src/components/guards/ProtectedRoute.test.tsx": 1776008025.3583314,
  "frontend/src/components/layout/CommandPalette.tsx": 1776086150.5004117,
  "frontend/src/components/layout/AppLayout.tsx": 1776413458.7350059,
  "frontend/src/components/ui/PageShell.tsx": 1776008025.3583314,
  "frontend/src/components/ui/EmptyState.tsx": 1776008025.3583314,
  "frontend/src/components/ui/PageHeader.tsx": 1776008025.3583314,
  "frontend/src/components/ui/SectionCard.tsx": 1776008025.3583314,
  "frontend/src/components/ui/StatCard.tsx": 1776008025.3583314,
  "frontend/src/components/dashboard/DashboardCalendar.tsx": 1776086150.5004117,
  "frontend/src/components/templates/SkillTemplateCard.tsx": 1776385210.2500439,
  "frontend/src/components/templates/AgentRegistryPanel.tsx": 1776367807.903177,
  "frontend/src/components/templates/TemplateTopBar.tsx": 1776377864.423818,
  "frontend/src/components/templates/TemplateTab.test.tsx": 1776379301.711729,
  "frontend/src/components/templates/MyTemplatesView.tsx": 1776367807.903177,
  "frontend/src/components/templates/types.ts": 1776385043.9094334,
  "frontend/src/components/templates/TemplateFilterToolbar.tsx": 1776369179.6818724,
  "frontend/src/components/templates/TemplateDetailDrawer.tsx": 1776367807.903177,
  "frontend/src/components/templates/TemplateCard.tsx": 1776378858.3199801,
  "frontend/src/components/templates/TemplateBuilderView.tsx": 1776377882.242569,
  "frontend/src/components/templates/TemplateValidationPanel.tsx": 1776367807.903177,
  "frontend/src/components/templates/TemplateTab.tsx": 1776385867.0064368,
  "frontend/src/components/templates/TemplateSection.tsx": 1776373799.6824415,
  "frontend/src/components/templates/TemplateBrowseView.tsx": 1776385142.2560582,
  "frontend/src/components/templates/TeamTemplateCard.tsx": 1776378865.9998734,
  "frontend/src/components/templates/SkillPackPicker.tsx": 1776367807.903177,
  "frontend/src/components/templates/templateBuilderState.ts": 1776379264.1312606,
  "frontend/src/components/auth/AuthMarketingPanel.tsx": 1776008025.3583314,
  "frontend/src/components/auth/AuthShell.tsx": 1776008025.3583314,
  "frontend/src/components/hierarchy/AgentOperatingConsole.tsx": 1776363881.8135998,
  "frontend/src/components/hierarchy/HierarchyBuilderCanvas.tsx": 1776375586.439734,
  "frontend/src/config/queryClient.ts": 1776008025.3583314,
  "frontend/src/pages/ProjectsPage.tsx": 1776008025.3593316,
  "frontend/src/pages/CalendarPage.tsx": 1776413478.078794,
  "frontend/src/pages/BrainstormDetailPage.tsx": 1776413496.010601,
  "frontend/src/pages/AdminSettingsPage.tsx": 1776018839.4812138,
  "frontend/src/pages/RunInspectorPage.tsx": 1776110167.0792165,
  "frontend/src/pages/OrchestrationPortfolioPage.tsx": 1776413492.724636,
  "frontend/src/pages/VerifyEmailPage.tsx": 1776008025.3593316,
  "frontend/src/pages/HierarchyPage.tsx": 1776384644.4990475,
  "frontend/src/pages/DashboardPage.tsx": 1776413466.7199178,
  "frontend/src/pages/AgentLibraryPage.test.tsx": 1776378278.1500447,
  "frontend/src/pages/PlatformPage.tsx": 1776008025.3593316,
  "frontend/src/pages/SemanticMemoryPage.tsx": 1776413502.3435335,
  "frontend/src/pages/OrchestrationProjectsPage.tsx": 1776413486.9806979,
  "frontend/src/pages/OrchestrationSettingsPage.tsx": 1776110167.0792165,
  "frontend/src/pages/CostAnalyticsPage.tsx": 1776086150.5084116,
  "frontend/src/pages/NotificationsPage.tsx": 1776008025.3593316,
  "frontend/src/pages/AdminUsersPage.tsx": 1776008025.3583314,
  "frontend/src/pages/BenchmarkPage.tsx": 1776110167.0732162,
  "frontend/src/pages/ActivityAuditPage.tsx": 1776086150.5004117,
  "frontend/src/pages/GithubSyncPage.tsx": 1776110167.0792165,
  "frontend/src/pages/OrchestrationProjectDetailPage.tsx": 1776413499.8005607,
  "frontend/src/pages/ModelSettingsPage.tsx": 1776086150.5004117,
  "frontend/src/pages/BrainstormsPage.tsx": 1776086150.5084116,
  "frontend/src/pages/ProfilePage.tsx": 1776008025.3593316,
  "frontend/src/pages/ExecutionInsightsPage.tsx": 1776086150.5184116,
  "frontend/src/pages/AdminPlatformPage.tsx": 1776008025.3583314,
  "frontend/src/pages/AuthHomePage.tsx": 1776008025.3593316,
  "frontend/src/pages/AiStudioPage.tsx": 1776008025.3593316,
  "frontend/src/pages/ProjectDetailPage.tsx": 1776008025.3593316,
  "frontend/src/hooks/useAuth.ts": 1776008025.3583314,
  "frontend/src/hooks/useDebounce.ts": 1776008025.3583314,
  "frontend/src/hooks/usePlatformMetadata.ts": 1776008025.3583314,
  "frontend/src/utils/orchestrationSelection.ts": 1776086150.5084116,
  "frontend/src/utils/formatters.ts": 1776008025.3593316,
  "frontend/src/test/setup.ts": 1776008025.3593316,
  "frontend/src/features/auth/schemas.ts": 1776008025.3583314,
  "frontend/src/features/auth/context/authContext.ts": 1776008025.3583314,
  "frontend/src/features/auth/context/AuthContext.tsx": 1776008025.3583314,
  "backend/modules/__init__.py": 1776008025.3493316,
  "backend/modules/audit/__init__.py": 1776008025.3503315,
  "backend/modules/audit/repository.py": 1776008025.3503315,
  "backend/modules/audit/models.py": 1776008025.3503315,
  "backend/modules/ai/__init__.py": 1776008025.3493316,
  "backend/modules/ai/service.py": 1776008025.3503315,
  "backend/modules/ai/router.py": 1776008025.3503315,
  "backend/modules/ai/providers.py": 1776008025.3493316,
  "backend/modules/ai/repository.py": 1776008025.3493316,
  "backend/modules/ai/schemas.py": 1776008025.3503315,
  "backend/modules/ai/models.py": 1776008025.3493316,
  "backend/modules/memory/__init__.py": 1776383558.6090827,
  "backend/modules/memory/repository.py": 1776383730.2653878,
  "backend/modules/memory/schemas.py": 1776383558.6620817,
  "backend/modules/memory/models.py": 1776383611.7952363,
  "backend/modules/settings/__init__.py": 1776008025.3533316,
  "backend/modules/settings/service.py": 1776008025.3533316,
  "backend/modules/settings/router.py": 1776008025.3533316,
  "backend/modules/settings/repository.py": 1776008025.3533316,
  "backend/modules/settings/schemas.py": 1776008025.3533316,
  "backend/modules/settings/models.py": 1776008025.3533316,
  "backend/modules/notifications/__init__.py": 1776008025.3513315,
  "backend/modules/notifications/router.py": 1776008025.3523316,
  "backend/modules/notifications/repository.py": 1776008025.3523316,
  "backend/modules/notifications/schemas.py": 1776008025.3523316,
  "backend/modules/notifications/models.py": 1776008025.3523316,
  "backend/modules/users/__init__.py": 1776008025.3533316,
  "backend/modules/users/service.py": 1776008025.3533316,
  "backend/modules/users/router.py": 1776008025.3533316,
  "backend/modules/users/repository.py": 1776008025.3533316,
  "backend/modules/users/schemas.py": 1776008025.3533316,
  "backend/modules/users/models.py": 1776008025.3533316,